SentenceId,Content
SentenceId,View,Opinion
028169,一汽-大众,neu
028169,速腾R-Line,pos
028169,速腾GLI,pos
028169,高尔夫GTI,pos
028126,奔腾b50,pos
028114,宝马,neu
028098,别克凯越,pos
028077,速派,neu
028064,朗逸,pos
028039,昕动,neu
028039,飞度,neu
027993,昕锐,neu
027987,长安,neu
027987,五菱,neu
027926,上汽大众,neu
027926,凌渡,neu
027909,桑塔纳,neu
027909,奔驰,neu
027909,宝马,neu
027879,帕美,pos
027874,五菱宏光,pos
027874,日产轩逸,pos
027874,哈弗H6,pos
027874,大众朗逸,pos
027874,宝骏730,pos
027861,途安L,pos
027849,昌河铃木,neg
027829,大众,neu
027829,速派,pos
027827,K5,neg
027822,卡罗拉,neu
027796,别克,neu
027776,别克,neu
027754,福特野马,pos
027739,凌渡GTS,pos
027736,凌渡,pos
027736,高尔夫GTI,neu
027729,朗境,pos
027720,奥迪,neg
027720,A8L,neg
027689,威驰,pos
027689,丰田,neu
027678,享御,neg
027678,雷斯特,neg
027642,雪佛兰,neu
027580,昕动,pos
027580,斯柯达,neu
027564,乐风,pos
027564,M2,neg
027561,东风日产天籁,neu
027558,奔驰,neu
027558,宝马,neu
027537,宝马,neu
027537,QQ,neu
027520,自由光,pos
027520,途观,pos
027515,英朗,neu
027506,大众,neu
027495,别克,neu
027464,北京B40,neg
027440,宝马,neu
027438,凯迪拉克SRX,neu
027408,途安L,pos
027397,凯越,neg
027378,速派,pos
027360,POLO GTI,pos
027353,启辰,neg
027286,大众,neu
027224,速派,neu
027224,迈腾,neu
027210,一汽-大众,neu
027209,斯柯达,neu
027206,凯越,neu
027149,速派,pos
027137,路虎,pos
027137,Jeep,pos
027134,New Polo,pos
027126,奥迪,neu
027111,上汽通用,neu
027111,丰田,pos
027100,m20,neg
027100,30,pos
027057,凌渡,pos
027056,Lamando凌渡,neu
027033,夏朗,pos
027021,明锐,neg
026969,福特,neu
026969,丰田,neu
026969,大众,neu
026961,速派,pos
026957,东风风神E30L,neu
026957,东风风神E30,neu
026957,东风风神A60,neu
026939,东风标致,pos
026896,朗逸,pos
026894,途安,neu
026886,308,pos
026883,猎豹CS10,pos
026856,奥迪A4,pos
026825,桑塔纳,neu
026798,奥迪A6,pos
026774,逸动,neg
026734,帕萨特,pos
026704,启辰,pos
026701,北京现代IX35,neg
026695,奥迪,neu
026691,福特锐界,neu
026678,桑塔纳,neu
026678,三菱,neu
026662,福克斯,neg
026662,途观,neu
026662,RX5,pos
026649,胜达,neg
026649,北京现代,neg
026632,长安之星,neu
026632,现代,neu
026632,桑塔纳,neu
026632,奇瑞,neu
026632,玛莎拉蒂,neu
026632,凯美瑞,neu
026632,捷达,neu
026632,广本,neu
026632,东南DX7,neu
026632,宾利欧路GTC,neu
026632,别克,neu
026632,奔驰SLK350,neu
026632,奔驰,neu
026632,保时捷卡宴turboS,neu
026632,保时捷911,neu
026632,阿斯顿马丁DBS6.0,neu
026630,a4L,pos
026630,a3,pos
026626,明锐,pos
026616,凌渡,neu
026588,丰田,neu
026566,长安,neu
026560,英朗,neu
026560,威朗,neu
026560,凯越,neu
026556,途观,pos
026556,博越,pos
026514,明锐,pos
026455,卡罗拉,neu
026428,东风日产天籁,neg
026408,凌渡,neu
026395,东风雪铁龙,neu
026393,大众,pos
026357,速派,pos
026347,东风日产,neg
026315,Polo,pos
026264,福特锐界,pos
026261,朗逸,neu
026261,C4世嘉,neu
026228,polo,neu
026211,长安福特福睿斯,pos
026185,途安L,pos
026155,荣威RX5,neu
026114,昕锐,neu
026070,昕锐,neu
026057,途观,pos
026057,jeep,neu
026057,福特,neu
026057,斯巴鲁,neu
026057,自由光,neu
026057,翼虎,neu
026057,X1,neg
026057,森林人,neu
026036,斯巴鲁森林人,neg
026033,宝马,neg
026011,上汽大众斯柯达,pos
026011,速派,pos
026009,纳智捷,pos
025925,东风本田,neu
025902,斯柯达昕动,pos
025881,昕动,pos
025840,沃尔沃,pos
025820,Prado,pos
025800,一汽-大众,neu
025800,上汽大众,neu
025755,大众途安,neu
025707,上海大众帕萨特,neu
025703,雨燕,pos
025703,千里马,pos
025703,飞度,pos
025669,斯柯达,pos
025667,凌渡,pos
025652,索纳塔,neu
025652,北京现代,neu
025640,大众捷达,neu
025633,众泰云100,neg
025596,明锐,pos
025552,速派,pos
025527,比速T3,neu
025527,北汽幻速,neu
025524,途观,pos
025524,上汽大众,pos
025489,一汽奥迪,neu
025463,雷凌,neu
025463,卡罗拉,neu
025450,蔚揽,pos
025450,高尔夫七,neu
025448,凌渡,pos
025429,东风标致308S,neu
025429,508,neu
025410,北汽幻速H3F,neu
025366,速派,pos
025363,POLO,neu
025315,华晨中华,neu
025273,高尔夫7,pos
025206,陆风,neu
025206,极光,neu
025129,途安,pos
025121,本田,pos
025114,GX7,pos
025110,雅阁,pos
025110,速派,pos
025099,众泰,neu
025081,现代,neu
025081,Genesis G70,neu
025050,宝马,neu
024993,朗逸,neu
024938,上海通用,neu
024938,赛欧,neu
024938,别克,neu
024938,GL8,neu
024932,东风雪铁龙,neu
024875,速派,pos
024797,英菲尼迪,neu
024797,讴歌,neu
024797,雷克萨斯,neu
024797,本田,neu
024794,福莱尔,pos
024785,途观,neu
024757,速腾GLI,neu
024729,丰田塞纳,neu
024703,斯巴鲁,neu
024696,翼虎,pos
024696,途观,neg
024696,马自达CX-5,pos
024685,途观,pos
024685,福特翼虎,neg
024664,凌渡GTS,pos
024652,辉昂,pos
024652,奥迪A6L,neu
024604,别克,pos
024573,凌渡GTS,pos
024565,沃尔沃,neg
024565,XC90,neg
024559,东风标致301,neu
024539,五菱宏光,pos
024539,朗逸,pos
024539,哈弗H6,pos
024513,帕萨特,neu
024463,途观,neg
024458,哈弗,neu
024417,猎豹CS10,neu
024417,哈弗H6,neu
024380,C50,pos
024379,Mazda3昂克赛拉,pos
024358,夏利,neg
024343,保时捷卡宴,neg
024331,东风标致2008,neu
024327,速派,neu
024327,C5,neu
024302,大众,pos
024301,嘉年华,neu
024301,飞度,pos
024301,POLO,neu
024298,朗逸,pos
024294,奥迪,pos
024256,朗逸,pos
024245,林肯,neu
024245,MKZ,neu
024224,帕萨特,neu
024165,斯柯达,pos
024148,H3,pos
024131,凌渡,pos
024110,东风标致,neu
024095,江铃皮卡,pos
024091,Polo GTI,neu
024081,雪佛兰沃蓝达,neu
024081,日产Leaf,neu
024081,丰田普锐斯,neu
024069,野马,neu
024042,长安,neg
024042,逸动,neg
024024,本田,pos
024022,奇瑞,pos
023979,索纳塔,neu
023979,北京现代,neu
023979,MISTRA名图,neu
023923,凯迪拉克,neu
023880,速派,pos
023859,长安马自达,pos
023859,长安福特,pos
023859,长安,pos
023851,昕动,neu
023809,福特福克斯,neg
023809,福克斯,neg
023809,CROSSPOLO,pos
023779,拉达,neu
023772,卡罗拉,pos
023758,路虎,neg
023735,长马,neu
023675,辉昂,pos
023675,大众,pos
023672,雷诺,pos
023672,科雷嘉,pos
023672,卡宾,pos
023646,广汽传祺,pos
023646,GS8,pos
023646,GS4,pos
023622,奔驰,neu
023622,奥迪,neu
023602,帕萨特,pos
023602,迈腾,pos
023602,凯美瑞,pos
023598,吉利,neu
023598,奥迪A8,neu
023574,凯越,neg
023574,别克,pos
023561,上海大众斯柯达昊锐,neg
023552,昕动,neg
023545,凌渡,pos
023534,大众,neg
023530,丰田卡罗拉,neu
023508,大众,pos
023508,斯柯达,pos
023508,途观,pos
023476,飞度,pos
023361,广汽丰田,neu
023360,标致,neg
023304,朗逸,neu
023301,雷傲,neg
023286,一汽-大众,pos
023286,高尔夫,pos
023271,吉利,pos
023271,帝豪GL,pos
023234,帝豪,pos
023234,艾瑞泽7,pos
023183,长安铃木启悦,neg
023145,欧诺,neu
023145,风光,neu
023145,五菱,neg
023143,马自达阿特兹,neu
023125,速派,pos
023101,北京现代瑞纳,neg
023098,斯柯达Kodiaq,neu
023046,长安cs75,neu
023046,众泰大迈X5,pos
023032,迈锐宝XL,neu
023032,君越,neu
023030,江淮,neu
023026,PoloGTI,pos
022971,途观,neu
022971,Q5,neu
022957,广汽传祺,neu
022957,GS8,neu
022954,斯柯达,pos
022936,速派,pos
022917,大众,neu
022917,Polo,neu
022899,Polo,neu
022891,长安,neu
022891,上汽通用五菱,neu
022891,上汽通用,neu
022891,大众,neu
022852,一汽大众,neu
022852,迈腾,neu
022851,丰田,neu
022827,途观,pos
022803,保时捷卡宴,pos
022800,途观,pos
022777,昕动,pos
022736,东风雪铁龙,neg
022726,吉利帝豪EC7,neu
022723,斯柯达,pos
022680,大众朗逸,neu
022635,一汽-大众奥迪,neu
022635,A6L,neu
022634,雪佛兰,neu
022634,通用,neu
022629,迈锐宝XL,neu
022629,君越,neu
022629,CT6,neu
022613,神龙富康,neu
022613,普桑,neu
022613,大众朗逸,neu
022613,C4世嘉,neu
022607,上汽大众,pos
022587,帕萨特,neu
022576,雷克萨斯,neu
022573,昕动,pos
022565,辉昂,pos
022565,大众,neu
022495,PSA,pos
022495,C2,pos
022445,奥迪,neu
022425,IS,pos
022425,ES,neu
022424,桑塔纳,neu
022424,奔弛,neu
022404,大众,neu
022382,福特,neu
022382,福克斯,pos
022382,POLO,pos
022379,奥迪A5,neu
022379,Tiguan,neu
022346,途安L,pos
022334,宝马,neg
022221,上汽大众,neu
022214,大众,pos
022214,Polo,pos
022120,速腾,pos
022120,明锐,pos
022120,朗逸,pos
022113,奥迪,neu
022111,红旗,neu
022095,高尔夫Sportsvan,neu
022077,斯柯达,pos
022069,雪铁龙,neg
022020,轩逸,neu
022020,思域,neu
021933,福克斯,pos
021920,思域,neu
021905,途观,neu
021887,速派,pos
021887,斯柯达,pos
021882,奥迪,neg
021861,特斯拉,neu
021835,福瑞迪,pos
021818,CrossPolo,pos
021812,MINI,neg
021741,V2,pos
021739,博越,pos
021707,途观,neu
021696,途安L,neu
021669,丰田,neu
021669,皇冠,pos
021598,速派,pos
021525,领动,pos
021525,索纳塔,pos
021525,北京现代,pos
021515,斯柯达明锐,pos
021475,速派,neu
021451,朗逸,pos
021436,凌渡,pos
021412,大众辉昂,pos
021383,上汽通用别克,neu
021383,凯越,neu
021368,起亚K5,neu
021368,起亚,neu
021368,K5,neu
021341,本田哥瑞,neg
021311,沃尔沃,neu
021311,宝马,neu
021305,凌渡,pos
021229,夏利,neu
021229,桑塔纳,neu
021206,大众,neg
021206,途观,neg
021170,桑塔纳,neu
021166,途观,pos
021097,凌渡,pos
021087,长安,neu
021087,长安CX70,neu
021087,长安,neu
021087,欧尚,neu
021087,欧诺,neu
021087,欧力威,neu
021087,cx20,neu
021054,宝马i3,neu
021027,夏朗,pos
021020,帕萨特,pos
021020,奥迪A6L,pos
020997,锐界,neu
020997,汉兰达,neu
020997,TERAMONT,neg
020993,上汽大众凌渡,neu
020962,辉昂,neu
020947,途观,pos
020933,一汽大众,neu
020933,上海大众,neu
020886,奥迪,neu
020846,途安L,pos
020802,途观,neg
020793,途观,pos
020793,斯巴鲁,neu
020793,森林人,neu
020793,傲虎,neu
020793,Q3,neu
020782,Q5,pos
020758,斯柯达,neu
020710,Polo GTI,pos
020709,丰田C-HR,neu
020709,一汽丰田,neu
020679,奥迪,neg
020667,明锐,neu
020666,克莱斯勒300C,pos
020666,宝马,pos
020666,奥迪Q5,pos
020666,奥迪A8L,pos
020653,保时捷,neu
020594,斯巴鲁,neu
020579,Polo GTI,neu
020525,BMW,neu
020525,1系,pos
020498,雷克萨斯,neu
020470,东风雪铁龙,neg
020466,大众POLO,neu
020434,奥迪,neu
020383,比亚迪秦,pos
020382,宝马,pos
020382,BMW i,pos
020372,奔驰,neu
020372,宝马,neu
020372,GLS,neu
020372,GLE,neu
020372,GLC,neu
020372,GLA,neu
020372,E级,neu
020372,C级,neu
020372,CLA,neu
020344,大众,pos
020344,速腾,neu
020298,凌渡,pos
020254,帕萨特,pos
020230,途观,pos
020214,福克斯,pos
020192,桑塔纳,pos
020189,宝马,pos
020189,奥迪,pos
020183,大众朗逸,neu
020167,途观,pos
020161,东风雪铁龙C4世嘉,neu
020151,福特,neu
020105,上海大众,neu
020105,朗逸,pos
020087,桑塔纳,neu
020087,奔驰,neu
020087,宝马,neu
020080,大众途观,pos
020071,起亚,neu
020071,智跑,neg
020062,帕萨特,pos
020062,迈腾,pos
020051,Polo,pos
019991,帕萨特,neu
019991,辉腾,neg
019991,大众,neu
019986,广汽传祺,neu
019986,GS8,neu
019985,一汽奥迪q3,neg
019983,Yeti,pos
019959,明锐,pos
019959,大众,pos
019955,君越,neu
019947,奥迪,neu
019947,大众,pos
019918,科鲁兹,pos
019878,宝马,neu
019869,夏利,neu
019867,别克,neu
019867,凯越,neu
019864,大众,neg
019853,途安L,neg
019852,昕锐,pos
019829,途安,pos
019749,绅宝d50,neg
019745,奔驰,pos
019745,宝马,neu
019739,速腾,neu
019703,一汽马自达,neu
019653,途安,pos
019589,Yeti,pos
019564,大众途安,neg
019549,途观,pos
019521,POLO,neu
019521,飞度,neu
019493,长安,neu
019439,大众,neg
019378,别克·凯越,neu
019365,长安,neu
019365,悦翔V3,neu
019360,东南希旺,neg
019354,马自达,pos
019354,一汽马自达,pos
019354,CX-4,neu
019354,阿特兹,neu
019303,朗逸,neg
019294,铃木北斗星,neg
019283,Yeti,pos
019254,奥迪,pos
019203,昕动,pos
019166,朗逸,neg
019158,别克,neu
019043,上汽大众,neu
019043,朗境,neu
018905,奔驰,pos
018905,奥迪,pos
018904,英朗,neu
018904,别克,neu
018893,速派,pos
018816,宝马,neu
018816,740e,pos
018816,330e,neu
018816,225xe,neu
018759,普桑,neg
018724,上汽大众,pos
018722,卡罗拉,pos
018665,桑塔纳,neu
018665,朗逸,neg
018665,捷达,neu
018665,大众,neu
018665,宝来,neu
018638,别克,neg
018611,昕动,pos
018502,Polo,neu
018487,福特,neu
018484,辉昂,pos
018482,T70,neu
018476,朗逸,pos
018453,宝马,neg
018417,斯柯达Yeti,pos
018413,大众凌渡,neu
018383,陆风x7,neu
018383,铃木维,neu
018383,哈弗h8,neu
018383,jeep自由光,neu
018382,秀尔,pos
018381,起亚K2,neu
018355,众泰,neu
018355,英菲尼迪,neu
018355,玛莎拉蒂,neu
018355,雷克萨斯,neu
018355,凯迪拉克,neu
018355,吉利,neu
018337,夏利,neu
018337,法拉利,neu
018337,宾利,neu
018326,朗逸,pos
018325,斯柯达Yeti,pos
018320,凌渡,pos
018305,迈腾,pos
018297,凌渡,pos
018290,昕锐,pos
018277,长安CS75,neu
018210,凌度,pos
018200,宝马,neu
018174,大众,neu
018174,奥迪A6,neu
018136,帕萨特,neg
018079,凌渡,neu
018030,上汽大众,neu
017973,Yeti,pos
017968,大众,pos
017968,途观,neu
017968,迈腾,neu
017960,雷凌,neg
017960,卡罗拉,neg
017837,凌渡GTS,pos
017798,速派,neu
017798,迈腾,neu
017735,途观,neu
017714,宝马,neu
017675,长安,neu
017597,大众,neu
017597,朗逸,neu
017560,玛莎拉蒂,neu
017543,大众,neg
017529,速腾,neu
017499,威朗,neu
017499,思域,neu
017471,奇瑞捷豹路虎,neu
017471,捷豹XFl,neu
017471,奔驰,neg
017457,别克,pos
017442,凌渡GTS,pos
017407,奥迪Q7,neu
017407,奥迪Q5,neu
017407,奥迪Q3,neu
017407,奥迪A8,neu
017407,奥迪A6L,neu
017407,奥迪A4L,neu
017407,奥迪A3,neu
017407,奥迪,neu
017382,ATS,pos
017302,雷克萨斯,neu
017302,LX 570,neu
017211,君越,pos
017209,途安L,neu
017148,翼虎,neg
017148,昂科威,neg
017148,X1,neg
017148,Q3,neg
017148,GLA,neg
017148,DS6,neg
017148,3008,neg
017145,桑塔纳,neg
017122,朗逸,pos
017122,丰田卡罗拉,neu
017122,大众高尔夫,neu
017112,大众,neu
017035,江淮,neu
017012,途观,pos
016993,大众,neg
016964,奔驰,neg
016964,奥迪,neg
016964,昂科威,neg
016950,辉昂,neu
016937,Cross Polo,neu
016928,途观,pos
016925,日产东风风度MX6,neg
016906,长城,pos
016902,福特福克斯,neu
016901,帝豪ec8,neg
016859,MGRover,neu
016859,上汽,neu
016847,宝马M2,neu
016846,雅阁,pos
016846,帕萨特,neu
016841,翼虎,neu
016841,途观,neu
016841,昂科威,neu
016840,现代,neg
016810,途安Ｌ,pos
016803,高尔夫,neu
016803,POLO,pos
016791,东风标致3008,pos
016777,途观,pos
016766,明锐,neu
016686,雪佛兰科帕奇,neg
016682,途安,pos
016656,翼虎,neu
016656,途观,neu
016656,奇骏,neu
016656,国产自由光,neu
016656,昂科威,neu
016656,CR-V,neu
016644,中华H530,neu
016644,欧蓝德,neu
016644,凯越,neu
016644,君越,neu
016644,宝骏630,neu
016629,十代思域,pos
016629,本田,neu
016621,福克斯,pos
016600,途观,pos
016600,上汽大众,pos
016600,RAV4 荣放,neu
016590,凯越,pos
016552,大众朗逸,pos
016514,速派,pos
016507,英朗,neu
016507,朗逸,neu
016507,科鲁兹,neu
016507,卡罗拉,neu
016507,福睿斯,neu
016499,波尔舍,neu
016499,保时捷,neu
016489,斯柯达,neu
016489,明锐,neu
016442,凌渡,pos
016411,GTI,pos
016411,307,neu
016407,斯柯达,pos
016405,昕锐,neu
016386,凯越,pos
016377,凌渡,neu
016377,Jetta,neu
016368,昕动,neu
016272,科鲁兹,neu
016263,迈腾,pos
016151,大众凌渡GTI,neu
016150,智跑,neu
016150,起亚,neu
016145,北斗星,neu
016144,斯柯达昕动,neu
016134,飞度,pos
016068,卡罗拉,pos
016027,东风雪铁龙,neg
016018,启辰晨风,pos
015905,东风日产轩逸,neg
015858,Buick凯越,neu
015836,凌渡 GTS,pos
015825,斯柯达,neg
015740,众泰T600,neu
015699,POLO,pos
015699,大众,pos
015666,胜达,neg
015666,北京现代,neg
015660,东风风行,neg
015632,众泰Z700,pos
015632,保时捷,neu
015631,宝来,neu
015625,众泰,neu
015617,奥拓,neu
015617,qq,neu
015597,朗行,pos
015596,桑塔纳2000,neu
015596,高尔夫,neu
015596,大众高尔,neu
015585,途观,pos
015552,途安,neu
015548,保时捷Cayman GT4,neu
015548,保时捷911 Turbo,neu
015533,奔驰E,pos
015523,上汽大众辉昂,neu
015462,广汽传祺,neu
015446,小理,pos
015405,上汽大众,neu
015405,途观,neu
015389,福特翼虎,neu
015389,S350,neu
015375,东风本田,neu
015375,XR-V,neu
015358,速派,pos
015358,斯柯达,pos
015344,明锐,pos
015328,大众,neu
015290,凯越,pos
015284,凌渡,pos
015251,玛莎拉蒂,neg
015248,东风标致,neu
015214,速派,pos
015214,昊锐,neu
015209,胜达,neg
015195,马自达,pos
015183,科鲁兹,neu
015146,Polo GTI,pos
015123,玛莎拉蒂GT,pos
015112,MGGS,neu
015089,途观,pos
015088,途安L,pos
015072,途安,pos
015050,大众,pos
015050,迈腾,pos
015032,郑州日产俊风,neg
015026,别克昂科拉,neu
015024,长安马自达,neu
015018,凌渡,pos
015014,大众POLO,neu
014998,斯柯达明锐,pos
014985,保时捷panamera4S,neg
014957,长安杰勋,neg
014950,菲亚特,neg
014937,长安cs35,neg
014890,逍客,neu
014890,启辰,pos
014856,Polo,pos
014845,众泰,neu
014845,双环 SCEO,neu
014845,力帆 320,neu
014845,宝马 X5,neu
014841,广汽传祺,neu
014818,雅阁,pos
014818,雪铁龙C4L,neg
014818,凌派,neu
014811,本田锋范,neu
014809,凯越,neg
014788,斯柯达昕动,pos
014762,途观,pos
014726,朗境,pos
014680,途观,pos
014677,玛莎拉蒂,pos
014666,速派,pos
014665,自由光,neu
014665,别克,neu
014665,昂科威,neu
014665,Jeep,neg
014659,东南,neg
014650,别克,neu
014650,凯越,neu
014580,长城C30,neu
014576,本田杰德,neu
014575,天津一汽威志V2,neg
014571,铃木,neg
014533,斯柯达速派,pos
014518,XR-V,pos
014515,众泰大迈,neu
014515,大迈X5,neu
014479,朗逸,pos
014444,桑塔纳,neg
014440,奔驰E400,neu
014440,宝马535,neu
014357,长安,neu
014357,上汽,neu
014357,江淮,neu
014357,比亚迪,neu
014357,北汽,neu
014314,长安CS75,neu
014314,长安CS35,neu
014276,速腾,neu
014265,汉兰达,neu
014265,广汽丰田,neu
014261,朗逸,neu
014231,途观,neu
014231,帕萨特,neu
014231,卡罗拉,neu
014231,哈弗H6,neu
014219,宝骏310,pos
014173,Polo GTI,pos
014131,大众凌渡,pos
014072,别克,pos
014068,斯柯达,pos
014064,途观,neu
014052,途观,pos
014039,凯越,neu
014019,英朗,neu
014019,威朗,neu
014019,凯越,neu
014018,东风雪铁龙C3-XR,neu
014004,长安CS75,neu
014004,英朗,neu
014004,名图,neu
014004,领动,neu
014004,朗逸,neu
014004,朗动,neu
013997,上汽大众,neu
013997,辉腾,neu
013997,奥迪A6L,neu
013993,宝马,neg
013976,现代飞思,neg
013947,本田,pos
013915,长安福特,pos
013829,昕动,pos
013798,速腾,neu
013791,吉利帝豪EC7,neu
013761,天津一汽夏利,neg
013712,Cross Polo,neu
013692,rav4,neu
013676,长安马自达,neu
013663,smart,pos
013661,奔驰,pos
013661,奥迪Q5,neu
013661,奥迪A6,neu
013661,奥迪,neu
013661,glk,pos
013650,上汽通用,neu
013650,君越30H,neu
013650,别克,neu
013630,东风标致,neu
013623,桑塔纳,neu
013615,甲壳虫,pos
013612,凯迪拉克PHEV,neu
013594,东风风度MX5,pos
013548,途安,pos
013547,斯柯达,neu
013547,速派,pos
013501,明锐,neg
013457,斯柯达,neu
013441,途观,neg
013434,上汽大众,neu
013434,途观,pos
013434,Tiguan,neu
013432,凯越,neu
013432,别克,neu
013429,Tiguan,neu
013412,东风日产,neg
013381,昕锐,neu
013381,爱丽舍,neu
013363,菲亚特,neu
013344,颐达,neu
013320,途观,neu
013306,途观,pos
013306,上汽大众,neu
013190,致尚XT,neu
013190,悦翔V3,neu
013190,逸动,neu
013190,奔奔,neu
013190,长安CS35,neu
013169,丰田,neu
013099,glk,neu
013043,奔驰,neu
013043,奥迪,neu
013037,轩逸,pos
013037,思域,neu
013037,福睿斯,pos
013033,朗逸,neu
013033,308,pos
012995,大众,neu
012973,本田思铂睿,neu
012973,本田,neu
012940,奥迪A4,neu
012940,奥迪80,neu
012924,众泰,neu
012909,途观,pos
012830,轩逸,pos
012819,途安L,pos
012784,途安L,pos
012775,东风雪铁龙世嘉,neg
012707,S5,pos
012685,晶锐,neg
012685,上海大众斯柯达,neg
012659,雷凌双擎,neu
012653,迈凯轮,pos
012642,英菲尼迪,neu
012641,途观,pos
012622,凌渡,neu
012604,Yeti,pos
012590,QQ,neu
012590,宝马,neu
012590,X5,pos
012571,悦动,neu
012562,斯柯达明锐,neu
012535,昕锐,pos
012535,斯柯达,pos
012534,劲畅,pos
012505,途安L,neu
012485,威朗轿跑,neu
012485,通用,neu
012440,英菲尼迪,pos
012438,速派,neu
012434,桑塔纳,neu
012403,明锐,pos
012400,本田,neu
012368,奥迪,neu
012325,帕萨特,neu
012325,辉腾,neu
012325,大众,neu
012258,东风标致408,neg
012222,雪佛兰创酷,neg
012200,斯柯达,neu
012200,明锐,neu
012200,高尔夫,neu
012200,大众,neu
012200,奥迪,neu
012198,吉利,neg
012127,比亚迪,neu
012075,秀尔,neu
012069,昕动,pos
012069,斯柯达,neu
012052,路虎,pos
012024,速派,pos
012017,本田,neg
012017,rav4,neu
011978,蓝瑟,neg
011953,凌渡GTS,pos
011950,西雅特,neu
011942,途观,neu
011919,速派,pos
011919,蒙迪欧,neu
011898,大众辉昂,neu
011879,上汽大众,neu
011879,PHIDEON辉昂,pos
011864,雅力士,neu
011843,速派,pos
011824,上汽大众凌渡,pos
011815,朗动,pos
011771,i30N,neu
011768,速派,pos
011749,晶锐,pos
011740,斯柯达速派,neu
011706,桑塔纳Cross,pos
011706,大众桑塔纳,pos
011642,朗动,pos
011622,大众,pos
011606,三菱帕杰罗,neu
011606,普拉多,neu
011606,牧马人,neu
011606,丰田RAV4,neu
011606,丰田,neu
011551,速派,neu
011511,帕萨特,neu
011511,朗逸,neu
011495,凯迪拉克,neu
011493,IS,pos
011468,速派,pos
011443,大众,neu
011441,途观,neu
011441,宝马,neu
011436,Yeti,pos
011414,明锐,pos
011386,途观,pos
011376,轩逸,neu
011376,思域,neu
011349,华泰,pos
011331,途观,neg
011322,途安,pos
011296,途安L,pos
011233,夏利,neu
011188,一汽-大众,neu
011170,飞度,pos
011132,凌渡,neu
011096,明锐,pos
011070,凌渡,neu
010993,途观,pos
010981,明锐,pos
010953,速派,pos
010953,斯柯达,neu
010945,大众凌渡,neu
010930,途观,pos
010930,高尔夫,pos
010917,东风雪铁龙世嘉,neg
010915,途观,pos
010883,凌渡GTS,pos
010829,宝马,neg
010826,途安Ｌ,neu
010821,凌渡,neu
010818,奇瑞风云2,neu
010753,速派,pos
010742,北京,neg
010735,保时捷,neu
010699,悦达起亚,neu
010699,力帆,neu
010696,斯柯达,pos
010685,凌渡GTS,pos
010649,君威,pos
010637,途安L,neu
010619,英朗,neu
010619,上汽通用别克,neu
010600,福特,neu
010600,宝马321,neu
010560,起亚福瑞迪,neg
010559,昕动,pos
010547,宝马2系,neu
010547,途安L,pos
010537,途观,pos
010531,斯柯达,pos
010452,大众,neu
010434,途观,neu
010423,途安L,neg
010376,大众,neu
010370,速派,pos
010362,奥迪,neu
010360,凯越,pos
010360,别克,neu
010329,大众,neu
010329,奥迪A5,neu
010329,Tiguan,neu
010321,福特,pos
010321,奥迪,pos
010222,朗逸,neu
010210,昕动,pos
010202,科鲁兹,neg
010145,凌渡,pos
010114,凯美瑞,neg
010093,别克凯越,pos
010021,伊兰特,neu
010021,桑塔纳,neu
010021,捷达,neu
010004,凯越,neu
009987,途观,pos
009984,桑塔纳,neu
009974,途观,pos
009971,昕动,pos
009971,丰田致炫,neu
009967,途观,pos
009946,红旗CA770,pos
009855,大众,pos
009855,凌渡,pos
009847,北京现代索纳塔,neg
009755,朗逸,pos
009741,英朗,neu
009741,别克,pos
009675,本田,pos
009556,大众,neu
009556,PHIDEON辉昂,neu
009535,高尔夫,neu
009534,宝骏310,neu
009482,大众,neu
009427,GOLF R,neu
009371,MG锐腾上汽集团,neg
009353,雪铁龙,neu
009353,C4L,neu
009348,帕萨特,neg
009326,Polo,neu
009254,奔驰c200L,pos
009215,is250,neu
009215,ES300H,pos
009159,大众朗逸,neu
009142,长安福特福克斯,neg
009079,凯越,neu
009074,大众高尔夫7,neu
009070,别克凯越,neu
009061,桑塔纳,neu
008963,途锐,neu
008963,陆巡,pos
008963,X6,neu
008963,X5,neu
008963,Q7,neu
008938,迈腾,neg
008929,大众帕萨特,pos
008874,大众,pos
008874,Tiguan,pos
008873,大众途观,neg
008786,奥迪,neu
008770,标致,neu
008769,宝马,neu
008750,奥迪,neu
008750,别克,pos
008677,凯越,neu
008658,福特,neu
008630,Q3,neu
008630,508,neu
008621,东风标致408,neg
008590,i3,pos
008585,大众,pos
008545,日野,neu
008545,雷克萨斯,neu
008545,丰田,neu
008545,大发,neu
008514,斯柯达,pos
008514,明锐,pos
008506,大众,neu
008405,Polo,pos
008389,帕萨特,pos
008367,DS,neg
008365,思域,neu
008365,昂克赛拉,pos
008348,CrossPolo,pos
008335,东风风神A6O,neg
008259,一汽-大众,neu
008253,路虎,neu
008226,途观,neu
008199,梅赛德斯-奔驰GLC43 Coupe,neu
008199,宝马X4,neu
008185,东风悦达起亚,neg
008177,雪佛兰,neg
008157,斯柯达,pos
008157,晶锐,pos
008156,北京现代悦动,neg
008150,马自达3,neu
008150,昂克赛拉,neu
008147,308,pos
008103,途胜,neg
008103,名图,neg
008103,领动,neg
008103,朗动,neg
008099,东风标致,neu
008099,5008,neu
008099,4008,neu
008091,纳智捷优6,pos
008085,哈弗H6,pos
008057,上汽大众,pos
008042,现代捷恩斯,neu
008026,奔驰,pos
008013,Tiguan Sport,neu
008006,昕动,pos
007869,北京现代,neg
007849,东风雪铁龙,neu
007849,东风风神,neu
007849,东风标致,neu
007826,明锐,pos
007807,凌渡,neu
007792,凯越,pos
007786,高尔夫,pos
007786,大众,pos
007786,POLO,neu
007781,奥迪,neg
007776,沃尔沃,pos
007774,大众polo,neu
007761,雪佛兰赛欧,neg
007715,东风日产,neu
007715,天籁,pos
007703,梅赛德斯-奔驰,pos
007703,宝马,pos
007703,奥迪,pos
007633,东风风度MX5,pos
007618,福特,neu
007530,长安马自达,pos
007516,途观,neu
007516,大迈,pos
007516,比亚迪,neg
007513,长城M4,neu
007513,桑塔纳,neu
007513,马6,pos
007513,捷达,neu
007513,GA3,pos
007397,汉兰达,neu
007383,昕动,pos
007382,Yeti,pos
007380,瑞纳,neg
007380,北京现代,pos
007306,宝马316Li,neu
007306,i3,neu
007212,宝斯通,pos
007184,翼虎,neu
007184,途观,neu
007184,CRV,neu
007165,卡罗拉,neu
007165,轩逸,neu
007145,路虎极光,neu
007145,陆风,pos
007138,雪铁龙,neu
007138,Cxperience,neu
007130,三菱,neu
007130,日产,neu
007130,大众,neu
007130,宝马,neu
007123,比亚迪,neg
007095,一汽大众,pos
007095,大众,pos
007073,上汽大众,neu
007073,凌度,pos
007040,本田XR-V,pos
007016,速腾,neu
007011,悦纳,pos
007011,北京现代,pos
006969,江淮悦悦,neu
006969,江淮iEV6E,neu
006916,高尔夫,neu
006916,奥迪RS5,neu
006916,RS6,neu
006916,R8,neu
006913,途观,pos
006912,林肯,pos
006898,奥迪,neu
006898,大众,neu
006872,科鲁兹,pos
006850,起亚K2,pos
006844,长安福特翼博,neg
006826,e300进口,neu
006826,a6,neu
006807,斯柯达,neu
006805,撼路者,neg
006805,大切,neg
006805,巡洋舰,neu
006805,途乐,neu
006805,三菱,neg
006805,帕杰罗,pos
006805,牧马人,neg
006805,发现4,neu
006805,奔驰G,neg
006805,QX80,neg
006799,大众,neu
006799,帕萨特,neu
006777,华晨宝马525,neg
006764,长安,neu
006758,马自达,neg
006758,马自达RX-8,neg
006758,马自达8,neg
006758,马自达6,neg
006718,朗逸,neu
006708,大众朗逸,pos
006699,马自达韩泰,neg
006698,大众辉昂,neg
006649,高尔夫,neu
006617,途观,pos
006617,昂科威,neu
006617,汉兰达,neu
006617,奥迪Q5,neu
006611,大众,pos
006586,斯柯达Kodiaq,pos
006558,斯柯达,neu
006552,大众,neu
006547,现代途胜,pos
006542,帕萨特,neu
006519,桑塔纳,neu
006446,大众Polo,neu
006446,奥迪Q2,neu
006427,卡罗拉,neu
006377,长安,neu
006359,福特途睿欧,neu
006357,Yeti,pos
006353,帕杰罗,pos
006312,福特蒙迪欧,neu
006312,大众帕萨特,neu
006305,帕萨特,neu
006305,辉昂,neu
006288,凌渡,pos
006279,迈腾,neu
006242,G63 AMG,pos
006229,保时捷911,pos
006229,BWM135,pos
006206,风骏,pos
006162,大众,pos
006149,东风悦达起亚,neg
006149,北京现代,neg
006118,斯柯达速派,pos
006111,速派,pos
006072,奥迪A6,neu
006029,上汽大众,neu
006029,凌渡GTS,neu
006022,斯柯达,pos
006022,Yeti,pos
006013,上海大众,neu
006013,帕萨特,neg
005943,英朗,neu
005943,雷凌,neu
005943,福睿斯,neu
005901,POLO,neu
005901,大众,neu
005893,本田,pos
005878,途安,pos
005837,东南DX7,neg
005754,大众,neg
005749,途安L,neu
005749,宝马,pos
005731,凌渡,pos
005659,明锐,pos
005653,速派,neu
005653,蒙迪欧,neu
005653,阿特兹,neu
005649,桑塔纳,neu
005636,辉腾,neu
005636,大众辉昂,neu
005580,昂克赛拉,pos
005576,科鲁兹,neu
005564,夏利,pos
005564,桑塔纳,pos
005476,帕萨特,neu
005440,速派,pos
005431,轩逸,pos
005429,轩逸,pos
005429,朗逸,pos
005407,一汽丰田,neu
005407,皇冠,neu
005396,上海大众斯柯达明锐,neg
005363,昕动,pos
005346,宝马,neu
005319,夏朗,neu
005319,西雅特欧悦搏,neu
005319,西雅特,neu
005319,欧悦搏,neu
005319,大众,neu
005319,MPV,neu
005214,大众,neu
005201,途观,pos
005189,凌渡,pos
005180,奔奔,neg
005180,长安,neg
005164,途观,neu
005147,宝马,neu
005093,途观,pos
005091,雪佛兰萨博班,pos
005039,嘉年华,neu
005039,速腾,neu
005039,朗逸,neu
005039,福特福睿斯,neu
005039,福克斯,neu
005039,大众,neu
005019,科鲁兹,neu
005011,昕动,pos
004988,别克,neu
004988,英朗,neu
004988,凯越,neu
004978,q3,neu
004978,cdx,pos
004978,长安大众,neg
004975,双环,neu
004975,花冠,neu
004975,F3,neu
004968,途观,pos
004936,凯美瑞,neu
004936,广汽丰田,neu
004860,现代,pos
004825,SX4 S-Cross,pos
004825,铃木,pos
004817,凌渡,pos
004784,五菱小卡,neu
004757,保时捷,neu
004693,长安欧尚,pos
004685,速派,neu
004681,长安马自达,neu
004681,一汽马自达,neu
004681,马自达,neu
004615,A6,neu
004615,宝马525,pos
004600,锐界,neg
004600,福特,neu
004595,凌渡,pos
004575,迈腾b8,neg
004565,奥迪,neu
004546,斯柯达明锐,neu
004541,广汽吉奥,neu
004541,广汽传祺,neu
004502,奥迪,neu
004496,雷凌,neg
004495,保时捷 Macan,pos
004489,途安L,pos
004432,东风雪铁龙世嘉,neg
004423,凯美瑞,neu
004398,本田,pos
004375,昕动,pos
004354,斯柯达,neu
004292,CS95,neu
004292,CS75,neu
004286,上汽大众,neu
004286,PHIDEON辉昂,pos
004274,帕萨特,neg
004267,东风标致301,neu
004263,D70,neu
004263,D50,neu
004263,D60,neu
004263,萨博,pos
004263,X65,neu
004261,大众Polo,neu
004247,马自达,pos
004237,东风标致308,neu
004220,大众,pos
004198,凯越,neu
004198,别克,neu
004192,本田,pos
004185,猎豹CS10,pos
004182,现代朗动,neu
004182,大众朗逸,neu
004182,别克英朗,neu
004178,路虎,neu
004178,保时捷,neu
004174,途安,pos
004139,大众,neu
004121,宝来,neu
004107,比亚迪m6,neg
004072,斯柯达晶锐,pos
004035,Polo GTI,pos
004004,速派,neg
004004,迈腾,neg
003994,上海大众朗逸,pos
003979,辉昂,pos
003979,保时捷,neu
003979,奥迪,neu
003959,雪铁龙,neu
003890,广汽传祺GS8,pos
003890,GS8,pos
003886,广汽菲克,neu
003886,克莱斯勒,neu
003886,菲亚特,neu
003886,Jeep,neu
003812,大众,neu
003812,POLO,neu
003718,东风日产天籁,neg
003704,朗朗,pos
003639,途安L,pos
003637,长安悦翔V7,neu
003635,明锐,neu
003594,一汽-大众,pos
003594,帕萨特,pos
003594,迈腾,pos
003594,凯美瑞,pos
003562,Cross Polo,neu
003472,老马,neg
003467,陆风,neu
003456,通用,neu
003456,别克凯越,neu
003443,速派,neu
003438,君越,pos
003432,奔驰,pos
003432,宝马,pos
003424,速派,pos
003419,斯柯达,pos
003419,速派,pos
003317,帕萨特,neu
003306,凯美瑞,neu
003306,广汽丰田,neu
003263,标致,neu
003253,CROOSS,pos
003240,途观,pos
003213,福克斯,pos
003201,众泰LP700,neu
003197,长安福特,neg
003197,福克斯,neg
003097,A3,neu
003024,逍客,neu
003024,启辰T70,neu
003024,奇骏,neu
003024,雷诺日产,neu
003024,科雷傲,neu
002964,大众,pos
002949,沃尔沃,neu
002881,上汽通用,neu
002881,别克凯越,neu
002874,朗行,neg
002874,高尔夫,neg
002824,Yeti,pos
002823,小康,pos
002823,五菱,neu
002801,途观,neu
002673,速派,pos
002633,速派,pos
002633,福特蒙迪欧,neu
002629,瑞麒,neg
002606,宝马i8,neu
002567,一汽大众速腾,neu
002554,北京现代领动,neu
002531,铃木,neu
002506,Polo,pos
002498,威朗,neu
002447,凌渡GTS,neu
002446,晶锐,pos
002420,科鲁兹,neu
002365,途观,pos
002353,途安L,neu
002347,凌渡,pos
002321,途安,neu
002321,奥德赛,neu
002275,途观,neu
002216,途安L,pos
002182,凌度,neu
002168,大众POLO,neu
002094,东风标致308,neu
002089,领驭,neg
002048,朗逸,neu
002041,瑞风S5,pos
002040,PST,pos
001983,大众,pos
001981,宝马i3,neu
001962,凯越,pos
001956,小八,pos
001952,帕萨特,pos
001902,大众,pos
001902,朗逸,pos
001880,途观,pos
001869,凌渡,neu
001817,飞度,pos
001798,昕锐,neu
001798,斯柯达,neu
001788,斯柯达,pos
001788,明锐,pos
001785,卡罗拉,pos
001785,一汽丰田,pos
001783,Q7,pos
001746,一汽－大众,neu
001746,上汽通用,neu
001746,海马,neu
001693,桑塔纳,neu
001597,上汽大众朗逸,neu
001597,东风雪铁龙C4世嘉,neu
001549,夏利,neu
001549,拉达,neu
001496,Polo GTI,neu
001488,尚酷,pos
001488,大众尚酷,pos
001473,晶锐,neg
001415,明锐,neu
001386,明锐,pos
001378,本田,pos
001365,北京现代伊兰特,neg
001354,宝马,neu
001347,PHIDEON,pos
001337,大众,neu
001337,POLO,neu
001318,斯柯达野帝2,neu
001318,Yeti 2,neu
001312,途观,pos
001244,别克君威,neu
001242,大众Polo,neu
001213,宝马,neu
001184,东风风神,neu
001184,A60,neu
001183,途观,pos
001154,明锐,pos
001144,速派,pos
001104,帕萨特,neu
001104,迈腾,neu
001026,一汽丰田,neu
001026,RAV4荣放,neu
001021,凌志,pos
001021,IS,neg
001020,凯越,pos
001020,君越,neu
000957,上海通用别克,neg
000948,上汽通用,neu
000948,别克,neu
000914,斯柯达-Yeti,pos
000902,总裁,neg
000902,玛莎拉蒂,neg
000894,大众凌渡,pos
000888,英菲尼迪,neu
000888,Hybrid,neu
000882,东风标致,neu
000875,福克斯,pos
000825,标致,neu
000820,途观,neu
000797,丰田C-HR,neu
000787,一汽-大众,neu
000698,桑塔纳,neu
000689,速派,neu
000689,明锐,pos
000667,凌渡GTS,pos
000631,途观,pos
000562,朗逸,neu
000510,大众,pos
000381,雪铁龙,pos
000381,C3- XR,pos
000373,小迈,neu
000365,路虎,pos
000365,捷豹,pos
000363,奔驰E级,neu
000363,宝马320,neu
000355,CrossPolo,pos
000297,凌渡,pos
000291,凌渡,neu
000289,威驰,neu
000178,雅阁,neu
000157,速派,neu
000157,迈腾,neu
000142,大众新POLO GTI,neu
000138,现代,neu
000131,途观,neg
000061,速派,pos
000060,途安L,pos
000060,本田CR-V,neu
000057,380,pos
000057,330,neu
000051,大众,neu
000012,昕动,neu
000011,斯柯达,neu
SentenceId,View,Opinion
S30011,宝骏560,neu
S30023,丰田,neu
S30025,雪铁龙,neu
S30025,c4l,pos
S30028,迈腾,neu
S30028,速腾,neu
S30031,大众,neu
S30031,宝马,neu
S30031,雪铁龙,neu
S30035,沃尔沃,neu
S30045,大众,neu
S30054,途观,neu
S30054,马自达cx5,neu
S30054,昂科威,neu
S30054,唐,pos
S30055,别克君威,neu
S30062,ix35,neu
S30065,浩纳,neu
S30065,昕动,neu
S30068,观致3,pos
S30071,天籁,neu
S30080,雷克萨斯,pos
S30101,乔治巴顿,neu
S30101,福特,neu
S30105,速派,pos
S30105,明锐,neu
S30111,瑞风s3,neu
S30113,奥德赛,neu
S30116,嘉旅,neu
S30125,奥迪,neu
S30134,大众高尔夫,neu
S30150,克莱斯勒,neu
S30167,五菱,neu
S30172,华晨宝马320,neu
S30177,奥迪a6,pos
S30181,瑞风s3,neu
S30181,瑞风s2,neu
S30183,宾利,neu
S30183,宝马,neu
S30183,奥迪,neu
S30186,传祺ga6,neu
S30188,长安,pos
S30189,逍客,neu
S30191,途观,neu
S30198,迈锐宝,neu
S30214,宝来,neu
S30215,威朗gs,neu
S30217,保时捷,neu
S30221,江淮,neu
S30223,宝马,neu
S30224,东风雪铁龙,neu
S30224,c4l,neu
S30225,长安,neu
S30239,福克斯,neu
S30243,汉兰达,neg
S30244,宝马x1,neu
S30244,宝马x2,neu
S30252,奥迪,neu
S30252,雷克萨斯,neu
S30260,奔驰,neu
S30260,宝马,neu
S30260,保时捷,neu
S30260,玛沙拉蒂,neu
S30260,迈巴赫,neu
S30263,奥迪,neu
S30263,奥迪a6,neu
S30265,铃木锋驭,neu
S30267,雷克萨斯,neu
S30272,奔驰,neu
S30272,奥迪,neu
S30272,捷豹,neu
S30275,桑塔纳,neu
S30287,路虎,neu
S30288,沃尔沃,neu
S30289,夏朗,neu
S30291,宝马,neu
S30293,奥迪,neu
S30305,广汽丰田,neu
S30305,广汽丰田雷凌,neu
S30323,五菱宏光,neu
S30324,福睿斯,neu
S30332,宝马,neu
S30334,福克斯rs,pos
S30334,奔驰e260l,neu
S30335,福特,neu
S30338,帕萨特,neu
S30343,奥迪a6,neu
S30345,讴歌nsx,neu
S30349,法拉利,neu
S30349,本田,neu
S30349,梅赛德斯,neu
S30349,雷诺,neu
S30353,雷诺,neu
S30363,奥迪a3,neu
S30363,奥迪a3e-tron,neu
S30366,北京现代,neu
S30373,一汽马自达,neu
S30376,起亚k2,neu
S30386,本田雅阁,neu
S30392,西玛,neu
S30395,马自达,neu
S30395,阿特兹,neu
S30396,宝马z4,neu
S30400,卡罗拉,neu
S30400,速腾,neu
S30410,奥迪q5,neu
S30435,起亚kx5,neu
S30457,牧马人,neu
S30457,自由光,neu
S30457,克莱斯勒,neu
S30465,桑塔纳,neu
S30471,速派,neu
S30474,雅阁,neu
S30487,本田,neu
S30488,昂科威,neu
S30505,丰田致炫,neu
S30509,昂科拉,neu
S30511,玛莎拉蒂,neu
S30517,骐达,neu
S30541,江淮,neu
S30549,兰博基尼,neu
S30558,rav4,neu
S30564,江淮,neu
S30567,丰田,neu
S30568,缤智,neu
S30568,昂科拉,neu
S30574,奥迪,neu
S30579,迈巴赫maybach,neu
S30586,众泰z700,neu
S30588,长安cs75,neu
S30595,伊兰特,neu
S30595,捷达,neu
S30595,比亚迪,neu
S30595,长安铃木,neu
S30595,雪铁龙,neu
S30602,长安铃木,neu
S30611,别克君威,neg
S30627,凯美瑞,neu
S30639,上海大众,neu
S30642,法拉利,neu
S30642,兰博基尼,neu
S30642,迈凯轮,neu
S30642,宾利,neu
S30642,劳斯莱斯,neu
S30642,马丁,neu
S30642,保时捷,neu
S30642,奔驰,neu
S30642,宝马,neu
S30649,卡罗拉,neu
S30667,奥迪100,neu
S30668,c3-xr,neu
S30668,c4世嘉,neu
S30668,c4l,neu
S30668,c6,neu
S30669,宝马,neu
S30672,福特,neu
S30679,奥迪,neu
S30682,cs75,pos
S30682,哈佛h6,neu
S30682,gs4,neg
S30689,广汽丰田,neu
S30690,昂科拉,neu
S30694,s3,neu
S30699,长城,neu
S30700,汉兰达,neu
S30712,广汽三菱,neu
S30714,大众高尔夫gti,neu
S30714,福特福克斯st,neu
S30715,cs75,neu
S30724,桑塔纳,neu
S30729,宝马,neu
S30735,宝马225xe,neu
S30740,沃尔沃,neu
S30740,吉利,neu
S30745,英致g5,pos
S30749,凯美瑞,neu
S30759,雪铁龙,neu
S30761,奥迪a9,neu
S30763,哈弗h6,neu
S30765,北京现代,neu
S30766,奔驰c级,neu
S30776,众泰sr7,neu
S30784,本田,neu
S30804,s8,neu
S30804,奥迪a6l,neu
S30808,现代ix25,neu
S30808,起亚kx5,neu
S30808,起亚kx3,neu
S30809,别克,neu
S30829,卡罗拉,neu
S30830,东风标致,pos
S30847,雷克萨斯,neu
S30854,桑塔纳,neu
S30875,丰田,pos
S30877,别克凯越,neu
S30883,丰田,neu
S30883,威驰,neu
S30899,本田思域typer,neu
S30904,路虎,neu
S30904,奥迪,neu
S30910,一汽马自达,neu
S30914,上汽名爵,neu
S30914,锐腾,neu
S30917,福克斯,neu
S30917,科鲁兹,neu
S30917,英朗,neu
S30917,朗逸,neu
S30919,北汽幻速,neu
S30919,s2,neu
S30919,s3,neu
S30920,威朗,neu
S30920,速腾,neu
S30926,凯迪拉克,pos
S30935,东风雪铁龙,neu
S30935,c6,neu
S30943,别克,neu
S30945,宝骏310,pos
S30948,雷诺,neu
S30948,trezor,neu
S30969,东风雪铁龙,neu
S30970,别克英朗,neu
S30997,本田,neg
S30999,轩逸,neu
S30999,蓝鸟,neu
S30999,tiida,neu
S31016,奥迪,neu
S31016,a6,neu
S31016,prologue,neu
S31030,途乐,pos
S31034,朗逸,neu
S31034,英朗,neg
S31037,大切诺基,neu
S31042,宝骏560,neu
S31054,rav4,neu
S31059,捷达,neu
S31074,林肯mkx,neu
S31077,捷达,neu
S31086,瑞风m4,pos
S31091,迈锐宝,neu
S31091,雪佛兰,neu
S31092,宝马x5,neu
S31099,起亚k2,neu
S31100,斯柯达,neu
S31100,yeti,neu
S31103,牧马人,neu
S31103,宝马x6,neu
S31103,酷搏,neu
S31116,夏朗,pos
S31128,五十铃gemini,neu
S31128,双子座,neu
S31129,clubman,pos
S31137,英朗,neg
S31142,大众,neu
S31142,高尔夫,neu
S31149,奥迪,neu
S31149,q3s-line,neu
S31152,瑞风s2,pos
S31155,雪铁龙,neu
S31158,丰田皇冠,neu
S31161,哈弗h6,neu
S31169,起亚,neu
S31178,东风雪铁龙,neu
S31187,cs75,neu
S31194,东风标致,neu
S31195,捷达,neu
S31195,桑塔纳,neu
S31209,马自达,neu
S31217,林肯mkc,neu
S31217,宝马525,neu
S31220,奥迪q3,neu
S31222,福睿斯,neu
S31223,别克威朗,neu
S31223,x1,neu
S31238,奥迪,neu
S31243,宝来,neg
S31244,比亚迪s7,pos
S31245,哈弗h6,neu
S31248,凯迪拉克,neu
S31250,飞度,pos
S31250,本田,pos
S31256,广汽,neu
S31256,广汽传祺,neu
S31272,高尔夫嘉旅,neu
S31280,速派,neu
S31286,逍客,neu
S31286,普拉多,neu
S31288,凌渡,pos
S31305,东风本田竞瑞,neu
S31310,逍客,neu
S31322,奥迪a4l,neu
S31333,奥迪a6l,neu
S31349,五菱,neu
S31354,宝马,neu
S31362,瑞风s5,neu
S31370,雪佛兰,neu
S31374,现代,neu
S31374,起亚,neu
S31385,众泰z500,pos
S31387,一汽丰田,pos
S31395,雪铁龙,neu
S31395,c4l,neu
S31398,哈弗h2,neu
S31411,东风雪铁龙,neu
S31416,哈弗,neu
S31422,路虎,neu
S31422,捷豹,neu
S31424,迈锐宝,neu
S31428,林肯mkx,neu
S31429,大众朗境,neu
S31436,宝马x5,neu
S31452,威霆,pos
S31454,东风标致3008,neu
S31459,卡罗拉,neu
S31460,威驰,neu
S31463,速腾,neu
S31473,宾利java,neu
S31475,cs75,neu
S31476,宝骏730,neu
S31478,奥德赛,neu
S31478,昂克赛拉,neu
S31482,途观,neu
S31483,长安cs75,neu
S31490,丰田,neu
S31490,大众,neu
S31490,福特,neu
S31490,通用,neu
S31490,奥迪,neu
S31495,瑞风s3,neu
S31495,瑞风s2,neu
S31499,日产轩逸,neu
S31500,哈弗h1,neu
S31503,奇骏,neu
S31504,大众,neu
S31505,昂克赛拉,neu
S31511,皇冠,neu
S31511,凯美瑞,neu
S31515,长安神骐,neu
S31520,自由客,neu
S31535,东风日产,neu
S31539,丰田逸致,neu
S31539,铃木维特拉,neu
S31546,朗逸,neu
S31547,雪佛兰,neu
S31551,丰田rav4,neu
S31554,起亚,pos
S31565,捷达,neu
S31573,桑塔纳,neg
S31580,起亚,neu
S31580,k2,neu
S31587,长安福特,neu
S31587,福睿斯,neu
S31589,沃尔沃xc60,neu
S31592,菲亚特500s,neu
S31596,奥迪q7,neu
S31597,起亚k2,neu
S31603,长安cs75,neu
S31608,宝马,neu
S31613,众泰,neu
S31619,威驰,neu
S31620,cs75,neu
S31623,梅赛德斯,neu
S31623,奔驰,neu
S31630,比亚迪,neu
S31644,polo,neu
S31651,君威,neu
S31656,东风标致308,neu
S31676,福克斯,neu
S31680,英菲尼迪q50l,neu
S31682,沃尔沃xc90,neu
S31693,宝马,neu
S31696,宝马,neu
S31702,奥迪a4l,neu
S31702,奥迪q5,neu
S31705,哈弗,neu
S31706,奔驰,neu
S31706,腾势,pos
S31712,捷达,neu
S31720,奥迪,neu
S31731,速派,neg
S31731,斯柯达,neg
S31735,丰田,neu
S31748,凯迪拉克,neu
S31753,一汽奥迪a3,neu
S31760,速腾,neu
S31763,奥迪,neu
S31774,雷凌,neu
S31780,起亚soul,neu
S31782,大众朗逸,neu
S31784,奔驰c级,neu
S31795,宝骏510,neu
S31798,丰田,neu
S31802,奥迪a6,neu
S31803,朗逸,pos
S31804,别克,neu
S31811,斯柯达昕锐,neu
S31812,哈弗h6,neu
S31822,明锐,neu
S31833,奥迪,neu
S31838,别克君威,neu
S31839,宝马,pos
S31839,x5,pos
S31841,东风雪铁龙,neu
S31842,宝骏560,neu
S31846,奥迪,neu
S31865,大众,neu
S31869,上海大众,neu
S31870,mini,neu
S31873,江淮,neu
S31883,哈弗h2,pos
S31901,昂科威,neu
S31908,本田,pos
S31908,飞度,pos
S31908,思域,pos
S31908,竞瑞,pos
S31912,丰田,pos
S31916,斯柯达,neu
S31933,福瑞迪,neu
S31933,赛拉图,neu
S31936,传祺gs4,neu
S31937,天籁,neu
S31940,宝马,neu
S31943,蔚揽,neu
S31943,辉腾,neu
S31943,迈特威,neu
S31943,凯路威,neu
S31944,雪铁龙c3-xr,neu
S31963,雅阁,neu
S31984,cs75,neu
S31993,北京现代,pos
S32002,奥迪,neu
S32004,起亚,neu
S32004,奔驰,neu
S32004,宝马,neu
S32010,奥迪,neu
S32011,本田,neu
S32011,思铂睿,neu
S32012,大众,neu
S32015,蒙迪欧,neu
S32032,比亚迪,neu
S32068,桑塔纳,neu
S32068,帕萨特,neu
S32069,宝马5系,neu
S32069,宝马7系,neu
S32086,北现,neu
S32086,瑞纳,neu
S32086,悦纳,neu
S32106,奥迪a6,neu
S32110,凯迪拉克,neu
S32122,丰田,neu
S32127,奥迪a6l,neu
S32130,马自达cx-4,neu
S32136,雷诺,neu
S32136,东风,neu
S32152,普拉多,neu
S32159,雪铁龙c6,neu
S32166,奥迪a7,neu
S32168,北汽幻速,neu
S32168,s3l,neu
S32169,北汽幻速s3l,neu
S32175,东风标致,neu
S32177,别克,neu
S32184,凯迪拉克,neu
S32193,捷豹,neu
S32198,启辰t90,neu
S32198,楼兰,neu
S32213,凌渡gts,neu
S32213,大众cc,neu
S32216,速腾,neu
S32237,本田cbr300r,neu
S32246,宝马320li,neu
S32248,丰田,neu
S32248,别克,neu
S32249,奥迪,neu
S32265,瑞风s3,neu
S32287,奥迪,neu
S32298,三菱v73,neu
S32304,森雅r7,neu
S32317,众泰sr7,neu
S32319,大众途安,neu
S32327,福特,neu
S32331,哈弗h6,neu
S32331,哈弗h6c,neu
S32331,奥迪q3,neu
S32349,起亚福瑞迪,neu
S32365,迈锐宝,neu
S32375,锋范,neu
S32375,本田,neu
S32378,宝骏730,neu
S32388,速腾,neu
S32392,一汽大众,neu
S32401,迈锐宝,neu
S32405,宝马,neu
S32406,哈弗,neu
S32415,锐界,neu
S32417,高尔夫嘉旅,neu
S32439,东风雪铁龙,neu
S32439,c4l,neu
S32443,别克威朗,pos
S32464,速腾,neu
S32474,朗逸,neu
S32476,奥迪tts,neu
S32478,英朗,neu
S32478,威朗,neu
S32492,迈腾,neu
S32504,劳斯莱斯,neu
S32513,梅赛德斯-奔驰,neu
S32515,宝马,neu
S32519,福特,neu
S32531,长安,neu
S32538,广汽传祺,pos
S32544,雷克萨斯,neu
S32546,奥迪,neu
S32558,东风标致2008,neu
S32566,比亚迪唐,neu
S32566,奥迪tts,neu
S32572,东风雪铁龙,neu
S32583,斯巴鲁,neu
S32583,傲虎,neu
S32584,别克,neu
S32586,宝骏730,pos
S32590,长安,neu
S32599,宝骏,neu
S32602,夏利,neu
S32609,起亚智跑,neu
S32613,一汽丰田,neu
S32615,凯美瑞,neu
S32629,指南者,neu
S32641,汉兰达,neu
S32641,锐界,neu
S32655,朗逸,neu
S32666,途观,neu
S32667,东风雪铁龙c6,neu
S32674,皇冠,neu
S32689,宝马,pos
S32690,启辰t90,pos
S32699,迈腾,neu
S32704,宝马,neu
S32705,宝马x328i,neu
S32715,奥迪,neg
S32716,本田锋范,neu
S32720,捷豹xe,neu
S32727,斯巴鲁,neu
S32727,toyota,neu
S32739,揽胜,neu
S32746,之诺60h,neu
S32755,迈锐宝,neu
S32765,英菲尼迪q70,neu
S32765,雷克萨斯es,neu
S32767,迈锐宝,neu
S32769,卡罗拉,neu
S32770,丰田威驰,neu
S32774,奥迪q5,neu
S32778,哈弗h2,neu
S32779,smart,neu
S32780,奔驰smart,neu
S32788,高尔夫,neu
S32794,卡罗拉,pos
S32797,本田,neu
S32799,大众,neu
S32799,高尔夫7,neu
S32799,奥迪a3,neu
S32799,斯柯达明锐,neu
S32799,丰田,neu
S32805,启辰,pos
S32813,天籁,neu
S32825,爱丽舍,neg
S32828,别克君威,neu
S32836,宝马7系,neu
S32840,别克gl8,neu
S32841,凯越别克,neg
S32851,起亚k2,neu
S32870,福特,neu
S32881,哈弗,pos
S32881,起亚狮跑,neu
S32881,现代途胜,neu
S32886,本田xr-v,neu
S32898,兰博基尼,neu
S32898,奥迪a6,neu
S32899,奥迪,neu
S32901,哈弗,neu
S32908,奔驰,pos
S32908,宝马,pos
S32908,博世,pos
S32939,卡罗拉,neu
S32950,mustang,neu
S32950,福特,neu
S32953,翼虎,neu
S32957,科鲁兹,neu
S32960,大众,neu
S32960,朗逸,pos
S32960,速腾,neu
S32960,宝来,neu
S32963,雪佛兰,neu
S32963,科迈罗,neu
S32995,长安,neu
S33006,瑞风m4,neu
S33012,宝马x5,neu
S33017,途观,neu
S33019,宝马525li,neu
S33022,宝来,neu
S33024,长安,neu
S33024,骏风,neu
S33032,a3,neu
S33032,奥迪,neu
S33041,本田,neu
S33041,哈弗,neu
S33051,君威,neu
S33051,欧宝,neu
S33062,宝马,neu
S33069,福特,neu
S33085,福特蒙迪欧智胜,neu
S33086,比亚迪,neu
S33088,海马s5,neu
S33102,雪铁龙,neu
S33102,c4l,pos
S33106,宝来,neu
S33112,广汽本田,neu
S33112,锋范,neu
S33121,福特,neu
S33121,平托,pos
S33121,pinto,pos
S33132,朗逸,neg
S33137,宝骏560,pos
S33145,本田,neu
S33156,江淮,neu
S33159,本田,pos
S33166,揽胜,neu
S33167,雅阁,neu
S33172,朗逸,neu
S33176,宝骏310,neu
S33179,宝骏560,neu
S33180,宝来,neu
S33183,宝马,neu
S33183,沃尔沃,neu
S33185,奇骏,pos
S33189,索纳塔八,neg
S33191,布加迪,neu
S33191,兰博基尼lp670,neu
S33220,别克,neu
S33224,锋范,neu
S33232,tiguan,neu
S33241,轩逸,neu
S33251,比亚迪唐,neu
S33252,斯柯达,neu
S33256,蒙迪欧,neu
S33269,凯美瑞,neu
S33269,迈腾,neu
S33276,mazda6atenza阿特兹,pos
S33283,福克斯,neu
S33285,雷凌,neg
S33287,君威,neu
S33291,jeep牧马人,neu
S33300,江淮,neu
S33300,瑞风s2,pos
S33303,蓝鸟,neu
S33304,大众,neu
S33308,奥迪,neu
S33324,卡罗拉,pos
S33330,大众,neu
S33330,奥迪,neu
S33330,奔驰,neu
S33330,宝马,neu
S33333,众泰t600,neu
S33335,野马,neu
S33337,california,neu
S33337,君越,neu
S33341,君威,neu
S33356,瑞风s3,neu
S33359,途安l,pos
S33381,丰田,neu
S33381,威驰,neu
S33381,雪佛兰,neu
S33381,赛欧,neu
S33381,宝骏,neu
S33381,奇瑞,neu
S33381,吉利,neu
S33382,轩逸,neu
S33394,雅阁,neu
S33400,东风日产骐达,neu
S33401,斯巴鲁liberty,pos
S33401,力狮,pos
S33403,捷达,neu
S33405,别克hrv,neu
S33407,奥迪,neu
S33412,菲翔,neu
S33412,科鲁兹,neu
S33429,翼虎,neu
S33430,君越,pos
S33440,哈弗h2,neu
S33441,奥德赛,pos
S33456,雪佛兰,neu
S33456,比亚迪,neu
S33456,奇瑞,neu
S33460,别克,neu
S33466,江淮,pos
S33468,斯柯达,pos
S33469,轩逸,neu
S33482,五菱,neu
S33483,宝马,neu
S33486,维特拉,neu
S33486,锋驭,neu
S33500,卡罗拉,pos
S33500,威驰,pos
S33505,奇骏,neu
S33509,科迈罗,neu
S33509,挑战者,neu
S33510,奥迪a6,neu
S33516,朗行,neu
S33525,x5,neu
S33525,宝马,neu
S33539,天籁,neu
S33541,迈锐宝,pos
S33561,名爵锐腾,neu
S33565,宝马,neu
S33573,汉兰达,pos
S33573,奥迪q3,neu
S33574,k5,neu
S33575,大众,pos
S33593,宝马,neu
S33593,bmwx2,neu
S33600,蒙迪欧,neu
S33600,蒙迪欧致胜,neu
S33601,自由侠,neg
S33601,天籁,pos
S33608,宝来,neu
S33628,丰田,neu
S33628,c-hr,neu
S33642,奥迪q3,neu
S33646,骐达,neu
S33647,力帆迈威,neu
S33661,科雷傲,neu
S33664,雷克萨斯,neu
S33681,奥迪a6,neu
S33685,威驰,pos
S33697,凯美瑞,neu
S33701,起亚,neu
S33709,上汽大众,neu
S33709,途安l,neu
S33710,玛莎拉蒂,neu
S33725,吉利,neu
S33725,帝豪gl,neu
S33729,明锐,neg
S33732,xts,pos
S33745,别克,pos
S33747,长安,neu
S33750,斯柯达明锐,neu
S33759,别克,neu
S33759,昂科拉,neu
S33759,本田xr-v,neu
S33759,现代ix-25,neu
S33764,大众,neu
S33769,长安,neu
S33775,威朗gs,neu
S33779,昂科威,neu
S33788,宝马,neu
S33789,本田,neu
S33793,宝马,neu
S33818,帕萨特b5,neu
S33833,帕萨特,pos
S33834,威驰,pos
S33836,宝马,neu
S33839,三菱,neu
S33849,帝豪,neu
S33849,逸动,neu
S33849,艾瑞泽7,neu
S33849,速锐,neu
S33856,奥迪,neu
S33864,比亚迪唐,neu
S33868,哈弗h5,neu
S33870,雪铁龙,neu
S33874,途安,neu
S33878,高尔夫,pos
S33879,长安,neu
S33881,途安l,neu
S33898,大众,neu
S33902,奥迪,neu
S33903,凯迪拉克,pos
S33912,红旗,neu
S33913,科鲁兹,neg
S33917,奥迪rs6avant,neu
S33922,雷克萨斯lx570,neu
S33928,奔驰s级,neu
S33932,奥迪a8,pos
S33959,迈腾,neu
S33964,bmw,neu
S33981,雪铁龙,neu
S33988,奥迪,neu
S33991,大众,neu
S33992,奥迪,neu
S34017,布加迪,neu
S34017,大众,neu
S34020,奥德赛,neu
S34025,凯迪拉克,neu
S34030,奥迪a4,neu
S34030,捷豹xfl,neu
S34033,宝马,neu
S34036,别克,neu
S34044,迈腾,neu
S34052,梅赛德斯-奔驰,neu
S34053,哈弗,neu
S34059,东风起亚,pos
S34080,福特,neg
S34083,菲亚特500,pos
S34083,500x,pos
S34083,500l,pos
S34087,雅阁,neu
S34087,glc260,pos
S34088,马自达,neu
S34101,斯巴鲁,neu
S34106,雪佛兰,neu
S34106,通用,neu
S34112,比亚迪,neu
S34120,广汽本田,neu
S34131,福克斯,neu
S34148,明锐,neu
S34148,轩逸,neu
S34148,花冠,neu
S34148,福克斯,neu
S34161,奔驰gle,pos
S34161,宝马x5,pos
S34161,陆巡,pos
S34161,y62,pos
S34169,雪铁龙c5,neu
S34170,丰田威驰,neu
S34171,东风日产,neu
S34171,华晨,neu
S34173,奥迪,neu
S34181,蓝鸟,neu
S34187,比亚迪e6,neu
S34190,昂科拉,neg
S34208,宝骏730,neu
S34209,君越,neu
S34221,福特,neu
S34222,翼虎,neu
S34223,奥迪,neu
S34233,福特,neu
S34234,宝马x5,neu
S34236,林肯,neu
S34236,奥迪,neu
S34236,奔驰,neu
S34248,奥迪,neu
S34249,雅阁,pos
S34251,长安cx70,pos
S34259,君越,pos
S34264,江铃,neu
S34266,途观,neu
S34267,福特,neu
S34267,野马,neu
S34268,大众,neu
S34268,tiguan,neu
S34271,东风雪铁龙,neu
S34271,c4l,neu
S34273,雅阁,neu
S34273,君越,neu
S34283,远景,pos
S34283,帝豪,neu
S34284,本田rav4,neu
S34287,梅赛德斯-奔驰,neu
S34293,奔驰e级,neu
S34306,福瑞迪,neu
S34315,上海大众,neu
S34323,一汽丰田,pos
S34329,奥德赛,neu
S34336,长安马自达,neu
S34351,一汽丰田,pos
S34355,轩逸,neu
S34380,途胜,neu
S34387,宝马e38,neu
S34387,e39,neu
S34391,比亚迪,neu
S34413,东风风神,neu
S34414,长安,neu
S34420,轩逸,neu
S34427,马自达,neu
S34429,东风日产,neu
S34433,途观,neu
S34439,大众,neu
S34444,标致,neu
S34445,雷克萨斯nx,neu
S34449,福特福克斯,neu
S34454,别克昂科威,neu
S34457,保时捷,neu
S34457,捷豹,neu
S34459,科鲁兹,neu
S34462,宝马i5,neu
S34470,飞度,neu
S34470,polo,neu
S34479,比亚迪,neu
S34484,绅宝x35,pos
S34485,威驰,pos
S34494,君越,neu
S34496,奥迪a4,neu
S34498,奥迪,neu
S34500,大众,neg
S34500,菲亚特,neg
S34500,沃克斯豪尔,neg
S34500,铃木,neg
S34517,森林人,pos
S34517,汉兰达,pos
S34518,雷克萨斯,neu
S34533,大众途安,pos
S34544,ix35,neu
S34548,菲翔,pos
S34548,大众,neu
S34558,帕萨特,neu
S34562,奥迪,neu
S34564,雷克萨斯,neu
S34565,奔驰,neu
S34565,宝马,neu
S34570,江淮,neu
S34591,科鲁兹,neu
S34596,广汽本田,neu
S34625,长安,neg
S34626,奥迪q5,neu
S34631,比亚迪s7,neu
S34637,骐达,pos
S34650,宝马,neu
S34651,桑塔纳,neu
S34651,夏利,neu
S34651,帕萨特,neu
S34655,朗行,neu
S34661,君越,neu
S34663,雅阁,neu
S34670,宝马x2,neu
S34671,广汽丰田,neu
S34693,哈佛h6c,neu
S34693,广汽传祺gs4,neu
S34693,吉利博越,neu
S34699,大众,neu
S34699,奥迪,neu
S34699,宝马,neu
S34699,奔驰,neu
S34700,迈腾,neu
S34706,法拉利,neu
S34709,大众,neu
S34709,帕萨特,neu
S34709,迈腾,neu
S34726,雪佛兰,neu
S34726,科鲁兹,neu
S34734,揽胜,neu
S34739,本田x-rv,neu
S34739,缤智,neu
S34749,高尔夫,neu
S34756,奥迪a8l,neu
S34756,劳斯莱斯幻影,neu
S34756,宾利慕尚,neu
S34759,君越,neu
S34759,迈腾,neu
S34762,smart,neu
S34763,吉利,neu
S34771,大众,neu
S34781,gk5,neu
S34784,宝马,neu
S34799,英菲尼迪,neu
S34803,福特,neu
S34804,迈腾,neu
S34813,天籁,neu
S34824,梅赛德斯-奔驰,neu
S34826,雷诺,neu
S34836,蓝鸟,neu
S34837,雷凌,neu
S34842,别克,neu
S34845,迈锐宝,neg
S34850,奥迪,neu
S34856,丰田,neu
S34856,一汽丰田,neu
S34857,福特,neu
S34878,广汽丰田凯美瑞,neu
S34881,audi奥迪,neu
S34882,朗逸,pos
S34883,福特,neu
S34885,兰德酷路泽,neu
S34889,宝马z4,neu
S34902,幻速s3l,neu
S34902,雷克萨斯,neu
S34906,众泰,neu
S34909,迈锐宝,neu
S34924,奥迪q5,neu
S34926,rc211,neu
S34926,本田,neu
S34927,丰田,neu
S34927,威驰,neu
S34934,brz,neu
S34934,力狮,neu
S34943,gl8,neu
S34943,奥德赛,neu
S34944,沃尔沃,neu
S34949,哈弗h2,neu
S34949,哈弗,neu
S34950,大众,neu
S34951,众泰,neu
S34955,哈弗,neu
S34957,凯迪拉克,neu
S34960,路虎,neu
S34963,比亚迪,neu
S34966,奥迪a8,neu
S34989,飞度,neu
S34998,沃尔沃,neu
S35000,飞度,neu
S35000,polo,neu
S35001,玛莎拉蒂,neu
S35001,法拉利,neu
S35001,兰博基尼,neu
S35002,卡罗拉,neu
S35017,宝骏,neu
S35023,福特,neu
S35028,丰田,neu
S35042,君越,neu
S35044,哈弗h7,neu
S35048,起亚,neu
S35048,k5,neu
S35050,奔驰,neu
S35050,宝马,neu
S35050,科鲁兹,neu
S35050,汉腾,neu
S35050,昂克赛拉,neu
S35053,速腾,neu
S35054,威驰,neu
S35065,宝马,neu
S35070,乐风rv,pos
S35073,福睿斯,neu
S35076,昂克赛拉,neu
S35086,别克gl8,neu
S35094,飞度,neu
S35094,锋范,neu
S35094,缤智,neu
S35099,哈弗f2,neu
S35099,哈弗h2s,neu
S35101,大众,neu
S35101,迈腾,neu
S35101,帕萨特,neu
S35101,宝来,neu
S35101,朗逸,neu
S35106,轩逸,neu
S35109,哈弗h2,neu
S35123,君越,neu
S35133,昂科威,neu
S35151,沃尔沃,neu
S35154,长安cs15,neu
S35154,福特翼搏,neu
S35165,吉利,neu
S35165,搏越,neu
S35165,gs4,neu
S35165,cs75,neu
S35166,吉利,neu
S35166,沃尔沃,neu
S35173,朗逸,neu
S35182,科鲁兹,neu
S35187,君越,neu
S35217,爱丽舍,neu
S35221,思域,neu
S35221,雅阁,neu
S35221,cr-z,neu
S35221,讴歌,neu
S35233,奇骏,neu
S35244,长城,neu
S35244,途观,neu
S35244,crv,neu
S35248,日产,neu
S35248,雷诺,neu
S35250,三菱帕杰罗,neu
S35254,马自达,neu
S35254,菲亚特,neu
S35254,mazdamx-5,neu
S35261,宝马,neg
S35267,捷豹路虎,neu
S35270,君威,neu
S35277,奥迪s8,neu
S35278,捷达,neu
S35286,crv,neu
S35286,汉兰达,neu
S35286,霸道,neu
S35290,君越,neu
S35292,萨博900spg,neu
S35297,捷达,neu
S35297,雪铁龙,neu
S35297,马自达６,neu
S35299,凯美瑞,pos
S35299,雅阁,neu
S35299,速派,neu
S35316,轩逸,neu
S35321,ix35,neu
S35334,比亚迪唐,neu
S35338,甲壳虫,neu
S35338,mini,neu
S35338,雪铁龙2cv,neu
S35341,野马,neu
S35351,帕萨特,neu
S35353,丰田rav4,neu
S35370,奔驰e级,neu
S35372,哈弗h2,neu
S35376,速腾,neu
S35381,幻速s3l,neu
S35388,东风日产启辰,neu
S35397,朗行,neu
S35397,宝来,neu
S35400,长安cs75,neu
S35401,北京现代ix25,neu
S35403,悦动,neu
S35421,天籁,neu
S35432,兰博基尼aventador,neu
S35435,一汽丰田,pos
S35440,奇瑞eq,neu
S35440,北汽ev200,neu
S35440,江淮iev5,neu
S35440,荣威e50,neu
S35445,福特mustang,neu
S35448,奥迪q5,neu
S35451,长安马自达,pos
S35467,大众,neu
S35467,保时捷,neu
S35475,宝骏730,neu
S35476,本田,neu
S35476,思域,neu
S35483,众泰t600,neu
S35484,福克斯,neu
S35490,奔驰,neu
S35501,玛莎拉蒂,neu
S35501,布加迪,neu
S35501,阿尔法·罗密欧,neu
S35501,宝马,neu
S35501,大众,neu
S35505,宝马,neu
S35505,奔驰,neu
S35505,玛莎拉蒂,neu
S35514,长安,neu
S35521,奔驰,neu
S35521,宝马,neu
S35521,福特,neu
S35521,法拉利,neu
S35524,汉兰达,neu
S35533,奔驰amgs65,neu
S35535,东风本田,neu
S35536,朗行,neu
S35540,汉兰达,neu
S35544,雪佛兰赛欧,neu
S35549,标致,neu
S35551,速腾,neu
S35556,英朗,neu
S35558,本田思铂睿,neu
S35558,雅阁,neu
S35558,丰田锐志,neu
S35558,凯美瑞,neu
S35561,奔腾x80,neu
S35561,马自达6,neu
S35563,福特,neu
S35565,宝马,neu
S35566,马自达睿翼,neu
S35567,沃尔沃xc60,pos
S35571,迈腾,neu
S35571,君越,neu
S35571,帕萨特,neu
S35574,宝马,neu
S35581,众泰z700,neu
S35581,奔驰smart,neu
S35587,速腾,neu
S35588,雷克萨斯nx,neu
S35590,哈弗h1,neu
S35597,别克,neu
S35599,昂克赛拉,neu
S35610,雪佛兰,neu
S35617,长安马自达,neu
S35620,宝骏560,neu
S35620,宝骏730,neu
S35630,速腾,neu
S35647,一汽马自达,neu
S35667,奇瑞,neu
S35667,比亚迪,neu
S35668,标致308,neu
S35668,标致,neu
S35668,雪铁龙,neu
S35679,东风悦达起亚,neu
S35681,雪佛兰,neu
S35708,速派,neu
S35710,吉利,neu
S35710,沃尔沃,neu
S35715,宝马,neu
S35727,北汽幻速,neu
S35733,保时捷,neu
S35733,大众,neu
S35733,panamera,neu
S35733,奥迪,neu
S35734,迈巴赫62s,pos
S35738,东南dx7,neu
S35738,长安逸动,neu
S35738,奥迪a3,neu
S35746,玛驰,neu
S35749,奥迪,neu
S35760,现代途胜,neu
S35760,斯柯达明锐,neu
S35760,起亚k3,neu
S35769,大众速腾r-line,neu
S35772,福特,neu
S35775,东风标致,neu
S35795,迈腾,neu
S35803,福特,neu
S35807,奥迪,neu
S35812,宝马,neu
S35812,保时捷,neu
S35817,宝马5系,neu
S35817,奥迪a6,neu
S35819,汉兰达,neu
S35840,福克斯,neu
S35840,朗逸,neu
S35842,北汽威旺,neu
S35850,奥德赛,neu
S35855,福特野马,neu
S35858,哈弗,neu
S35864,飞度818,neu
S35868,飞度818,neu
S35870,宝骏560,neu
S35870,宝骏730,neu
S35872,科鲁兹,neu
S35876,东风悦达起亚,neu
S35876,起亚,neu
S35884,奥迪,neu
S35888,奥迪,neu
S35901,雷克萨斯,neu
S35909,博越,neu
S35909,cs75,neu
S35912,东风本田,neu
S35914,雪佛兰科沃兹,neu
S35914,科鲁兹,neu
S35917,福特,neu
S35917,沃尔沃,neu
S35919,锐界,neu
S35919,蒙迪欧,neu
S35920,宝骏310,neu
S35921,君越,neu
S35921,金牛座,neu
S35927,卡罗拉,neu
S35930,天籁,neu
S35931,雅阁,neu
S35931,凯美瑞,neu
S35931,阳光,neu
S35931,fd2,neu
S35934,雪铁龙,neu
S35938,马自达,neu
S35938,思域,neu
S35940,宝骏310,neu
S35953,雪铁龙,neu
S35953,c4l,neu
S35953,大众速腾,neu
S35956,h6,neu
S35956,gs4,neu
S35956,红旗,neu
S35983,宝马,neu
S35990,广汽传祺,neu
S35991,长安,neu
S35996,凯美瑞,pos
S35998,蒙迪欧,neg
S36007,本田奥德赛,neu
S36020,长安cs75,neu
S36021,明锐,neu
S36022,奇瑞,neu
S36026,翼虎,neu
S36030,福克斯,neu
S36046,一汽马自达,neu
S36048,广汽本田,neu
S36063,保时捷,neu
S36068,速腾,neu
S36070,起亚,neu
S36077,迈巴赫62,neu
S36081,科鲁兹,neu
S36087,克莱斯勒,neu
S36088,威驰,neu
S36092,奥迪,neu
S36093,途观,neu
S36093,昂科威,neu
S36099,丰田,neu
S36102,奥迪,neu
S36111,蒙迪欧,neu
S36117,长安福特,neu
S36130,宝马,neu
S36140,中华,neu
S36145,丰田,neu
S36145,广汽,neu
S36152,福克斯,neu
S36158,比亚迪,neu
S36169,奥迪,pos
S36172,福特,neu
S36173,红旗,pos
S36179,mini,pos
S36180,捷达,pos
S36182,众泰sr7-gal,neu
S36185,金牛座,neg
S36197,gle450amg,pos
S36199,es,pos
S36199,凯美瑞,neu
S36205,飞度,pos
S36206,速腾,neu
S36206,一汽,neu
S36211,阿特兹,pos
S36211,卡罗拉,neg
S36220,福特,neg
S36224,奥迪a6l,neg
S36225,林肯,pos
S36225,福特,neu
S36229,奇瑞,neu
S36229,福特,neu
S36233,逍客,pos
S36238,奔驰s级,pos
S36238,奔驰e级,pos
S36238,奔驰,pos
S36246,福特,neu
S36246,ford,neu
S36248,英朗,neu
S36248,卡罗拉,neu
S36248,新科,neu
S36248,t70,neu
S36258,大众,neu
S36261,大众,neg
S36269,三菱,pos
S36278,力帆,pos
S36278,福特翼虎,neu
S36280,奥迪,neu
S36280,一汽-大众,neu
S36286,polo,pos
S36286,大众,neu
S36287,宾利欧陆gt3,neu
S36292,glt-class,neu
S36292,奔驰,neu
S36292,雷诺,neu
S36292,日产,neu
S36297,道奇,pos
S36310,jcw,pos
S36314,宝骏,neg
S36316,比亚迪,neu
S36331,高尔夫7,neu
S36334,东风标致,pos
S36337,奥迪rs3,pos
S36343,雅阁锐,neu
S36356,奥迪,pos
S36369,江淮汽车,neu
S36373,千里马,neu
S36375,奥迪a6,neg
S36377,福特嘉年华,neg
S36381,长安,neu
S36390,雷克萨斯es,pos
S36409,玛莎拉蒂,neu
S36409,quattroporte,neu
S36425,宝马,pos
S36425,奔驰,pos
S36425,凯迪拉克,pos
S36425,讴歌,pos
S36425,斯巴鲁,pos
S36425,广汽菲克,pos
S36425,北京现代,pos
S36425,东风日产,pos
S36425,一汽丰田,pos
S36425,广汽丰田,pos
S36425,一汽大众,pos
S36433,jeep,pos
S36433,牧马人moparone,pos
S36443,北京现代,pos
S36446,瑞风s3,neu
S36446,江淮,neu
S36448,威驰,pos
S36449,传祺gs4,pos
S36452,名驭,neu
S36453,梅赛德斯-奔驰,neu
S36461,smart,neu
S36461,梅赛德斯-奔驰,neu
S36462,t70,neg
S36462,cs75,pos
S36462,瑞虎5,pos
S36463,帕萨特b5,neg
S36471,帕萨特领驭,neu
S36481,lavida朗逸,pos
S36503,奥迪,pos
S36506,劳斯莱斯,pos
S36522,雪佛兰,pos
S36527,长安,neu
S36553,奥迪q5,neu
S36560,绅宝,pos
S36560,大众,neu
S36561,凯迪拉克,pos
S36561,cts,neu
S36563,速派,pos
S36563,visionc,neu
S36566,高尔夫,neu
S36568,景逸x5,pos
S36568,传祺gs4,pos
S36581,众泰t700,neu
S36581,t300,neu
S36581,众泰,neu
S36584,长安cs15,pos
S36587,宝马,neu
S36587,1系sportcross,neu
S36589,东风本田,neu
S36589,思域,neu
S36589,思铂睿,neu
S36591,克莱斯勒,neg
S36601,科雷傲,neg
S36602,大众,neu
S36602,汉兰达,pos
S36626,福特,neu
S36629,凯迪拉克,pos
S36630,丰田,neu
S36630,致炫,neu
S36630,yarisl,neu
S36630,嘉年华st,neu
S36630,大众pologti,neu
S36636,高尔夫,neu
S36638,宝沃,neg
S36638,h8,neg
S36655,吉利,neu
S36655,帝豪gl,neu
S36655,博越,neu
S36655,帝豪gs,neu
S36655,远景,neu
S36656,大众途观,neu
S36660,林肯,neu
S36664,荣威rx5,pos
S36670,飞度,pos
S36672,阳光,neu
S36677,林肯,pos
S36678,大众,neu
S36681,双龙,neu
S36691,奔腾b70,neu
S36694,奥迪,neu
S36701,奥迪rs3sportback,pos
S36701,奥迪rsq3,pos
S36706,amg,pos
S36706,奔驰,neu
S36727,凌渡,neu
S36736,宝马,pos
S36741,福特,neu
S36742,英朗,neg
S36742,宝来,pos
S36742,福睿斯,pos
S36746,长安cs75,pos
S36752,保时捷,pos
S36752,panamera,pos
S36755,奔驰c级,neu
S36755,c200,neu
S36755,c180,neu
S36761,福特锐界,pos
S36762,福特,neg
S36763,广汽丰田,neu
S36777,丰田酷路泽4600,neu
S36778,红旗,pos
S36794,长安,pos
S36798,东风雪铁龙c4世嘉,pos
S36802,速派,neg
S36803,绅宝x35,pos
S36812,奥迪,neg
S36812,宝马5系,pos
S36812,奔驰e级,pos
S36849,马自达,neg
S36849,阿特兹,neg
S36853,保时捷carreragt,pos
S36861,宝骏560,neg
S36863,一汽丰田,neu
S36869,传祺gs4,pos
S36869,广汽传祺,pos
S36874,迈巴赫s级,neu
S36874,梅赛德斯-迈巴赫s级,neu
S36875,bmw,neu
S36875,宝马5系,neu
S36879,广汽传祺,pos
S36879,gs4,pos
S36882,汉兰达,neu
S36891,雪铁龙,neu
S36901,野马,neu
S36910,大众,neu
S36910,polo,neu
S36913,哈弗h2,neu
S36913,哈弗h6,neu
S36913,哈弗h6coupe,neu
S36913,哈弗h7,neu
S36914,奥迪q3,neg
S36915,迈凯伦mp4,neu
S36915,兰博基尼lp-560,neu
S36916,奥迪,neu
S36916,奥迪a6l,neu
S36922,宝骏560,neg
S36930,迈腾,neu
S36930,高尔夫,neu
S36941,宝马,pos
S36945,本田,pos
S36947,雪铁龙,pos
S36961,卡罗拉,neu
S36961,轩逸,neu
S36963,大众tiguan,neu
S36963,途观,pos
S36979,兰博基尼aventadorlp700-4,neu
S36983,天籁,neu
S36983,雅阁,neu
S36983,gs,neu
S36983,飞度,neu
S36983,风云,neu
S36987,别克gl8,pos
S36992,宝马x3,neu
S36996,哈弗,neg
